id,section,title,authors,year,type,source,priority,tags,pdf_url,landing_url,url_status,catalog_status,notes
bayes-1763,1,An Essay towards solving a Problem in the Doctrine of Chances,Bayes,1763.0,paper,crossref,p0,,https://www.stat.ucla.edu/history/essay.pdf,https://doi.org/10.1098/rstl.1763.0053,official/publisher PDF,original,Historical reprint; original publication metadata via DOI.
shannon-1948,1,A Mathematical Theory of Communication,Shannon,1948.0,paper,crossref,p0,,https://people.math.harvard.edu/~ctm/home/text/others/shannon/entropy/entropy.pdf,https://ieeexplore.ieee.org/document/6773024,official/publisher PDF,original,Open-access reprint of the 1948 Bell System Technical Journal paper.
vc-1971,1,On the Uniform Convergence of Relative Frequencies of Events to Their Probabilities,"Vapnik,Chervonenkis",1971.0,paper,crossref,p0,,,https://search.crossref.org/?q=On+the+Uniform+Convergence+of+Relative+Frequencies+of+Events+to+Their+Probabilities,Crossref search; PDF not asserted,original,
valiant-pac-1984,1,A Theory of the Learnable,Valiant,1984.0,paper,crossref,p0,,,https://search.crossref.org/?q=A+Theory+of+the+Learnable,Crossref search; PDF not asserted,original,
nfl-opt-1997,1,No Free Lunch Theorems for Optimization,"Wolpert,Macready",1997.0,paper,crossref,p0,,https://ti.arc.nasa.gov/m/profile/dhw/papers/78.pdf,https://doi.org/10.1109/4235.585893,official/publisher PDF,original,NASA-hosted author copy.
guo-calibration-2017,1,On Calibration of Modern Neural Networks,Guo,2017.0,paper,arxiv,p0,,https://arxiv.org/pdf/1706.04599,https://arxiv.org/abs/1706.04599,direct PDF (arXiv ID mapped),original,arXiv ID:1706.04599
selective-2017,1,Selective Classification for Deep Neural Networks,"Geifman,El-Yaniv",2017.0,paper,arxiv,p0,,https://arxiv.org/pdf/1705.08500,https://arxiv.org/abs/1705.08500,direct PDF (arXiv ID mapped),original,arXiv ID:1705.08500
confidence-seq-2021,1,"Time-uniform, nonparametric, nonasymptotic confidence sequences",Howard,2021.0,paper,arxiv,p0,,https://arxiv.org/pdf/1810.08240,https://arxiv.org/abs/1810.08240,direct PDF (arXiv ID mapped),original,arXiv ID:1810.08240
gentle-conformal-2021,1,A Gentle Introduction to Conformal Prediction and Distribution-Free Uncertainty Quantification,"Angelopoulos,Bates",2021.0,paper,arxiv,p0,,https://arxiv.org/pdf/2107.07511,https://arxiv.org/abs/2107.07511,direct PDF (arXiv ID mapped),original,arXiv ID:2107.07511
ltt-2021,1,Learn then Test: Calibrating Predictive Algorithms to Achieve Risk Control,Angelopoulos,2021.0,paper,arxiv,p0,,https://arxiv.org/pdf/2110.01052,https://arxiv.org/abs/2110.01052,direct PDF (arXiv ID mapped),original,arXiv ID:2110.01052
conformal-risk-2022,1,Conformal Risk Control,Angelopoulos,2022.0,paper,arxiv,p0,top15,https://arxiv.org/pdf/2208.02814,https://arxiv.org/abs/2208.02814,direct PDF (arXiv ID mapped),original,arXiv ID:2208.02814
conformal-lm-2023,1,Conformal Language Modeling,Quach,2023.0,paper,arxiv,p0,,https://arxiv.org/pdf/2306.10193,https://arxiv.org/abs/2306.10193,direct PDF (arXiv ID mapped),original,arXiv ID:2306.10193
game-theoretic-stat-2023,1,Game-Theoretic Statistics and Safe Anytime-Valid Inference,Ramdas,2023.0,paper,arxiv,p0,,https://arxiv.org/pdf/2210.01948,https://arxiv.org/abs/2210.01948,direct PDF (arXiv ID mapped),original,arXiv ID:2210.01948 arXiv first posted 2022; journal publication is 2023.
knowno-2023,1,Robots That Ask For Help: Uncertainty Alignment for Large Language Model Planners,Ren,2023.0,paper,arxiv,p0,,https://arxiv.org/pdf/2307.01928,https://arxiv.org/abs/2307.01928,direct PDF (arXiv ID mapped),original,arXiv ID:2307.01928
llm-uq-survey-2023,1,A Survey of Confidence Estimation and Calibration in Large Language Models,Geng,2023.0,paper,arxiv,,,https://arxiv.org/pdf/2311.08298,https://arxiv.org/abs/2311.08298,direct PDF (arXiv ID mapped),original,arXiv ID:2311.08298
conformal-fact-2024,1,Language Models with Conformal Factuality Guarantees,"Mohri,Hashimoto",2024.0,paper,arxiv,p0,,https://arxiv.org/pdf/2402.10978,https://arxiv.org/abs/2402.10978,direct PDF (arXiv ID mapped),original,arXiv ID:2402.10978
semantic-entropy-2024,1,Detecting hallucinations in large language models using semantic entropy,Farquhar,2024.0,paper,crossref,p0,,,https://www.nature.com/articles/s41586-024-07421-0,official landing page,original,Nature article; no stable open PDF asserted in this catalogue.
adaptive-conformal-factuality-2026,1,Adaptive Conformal Prediction for Improving Factuality of Generations by Large Language Models,Rubashevskii et al.,2026.0,paper,arxiv,p0,new-2026,https://arxiv.org/pdf/2604.13991,https://arxiv.org/abs/2604.13991,direct PDF (arXiv ID mapped),added,arXiv ID:2604.13991 Prompt-adaptive factuality and selective prediction.
conformal-feedback-alignment-2026,1,Conformal Feedback Alignment: Quantifying Answer-Level Reliability for Preference Optimization,Various,2026.0,paper,arxiv,,new-2026,https://arxiv.org/pdf/2601.17329,https://arxiv.org/abs/2601.17329,direct PDF (arXiv ID mapped),added,arXiv ID:2601.17329 Connects conformal reliability to DPO/PPO-style alignment.
conformal-lm-posterior-2026,1,Conformal Language Modeling via Posterior Sampling,Emmenegger et al.,2026.0,paper,arxiv,,new-2026,https://arxiv.org/pdf/2606.03731,https://arxiv.org/abs/2606.03731,direct PDF (arXiv ID mapped),added,arXiv ID:2606.03731 Recent conformal language-modeling method.
conformal-risk-nonmonotonic-2026,1,Conformal Risk Control for Non-Monotonic Losses,Angelopoulos,2026.0,paper,arxiv,p0,new-2026,https://arxiv.org/pdf/2602.20151,https://arxiv.org/abs/2602.20151,direct PDF (arXiv ID mapped),added,arXiv ID:2602.20151 Extends CRC beyond monotonic one-dimensional losses.
domain-shift-cp-llm-2026,1,Domain-Shift-Aware Conformal Prediction for Large Language Models,Various,2026.0,paper,arxiv,p0,new-2026,https://arxiv.org/pdf/2510.05566,https://arxiv.org/abs/2510.05566,direct PDF (arXiv ID mapped),added,arXiv ID:2510.05566 Updated 2026 version addressing calibration under prompt/domain shift.
attention-2017,2,Attention Is All You Need,Vaswani,2017.0,paper,arxiv,p0,,https://arxiv.org/pdf/1706.03762,https://arxiv.org/abs/1706.03762,direct PDF (arXiv ID mapped),original,arXiv ID:1706.03762
rag-2020,2,Retrieval-Augmented Generation for Knowledge-Intensive NLP Tasks,Lewis,2020.0,paper,arxiv,p0,top15,https://arxiv.org/pdf/2005.11401,https://arxiv.org/abs/2005.11401,direct PDF (arXiv ID mapped),original,arXiv ID:2005.11401
scaling-laws-2020,2,Scaling Laws for Neural Language Models,Kaplan,2020.0,paper,arxiv,p0,,https://arxiv.org/pdf/2001.08361,https://arxiv.org/abs/2001.08361,direct PDF (arXiv ID mapped),original,arXiv ID:2001.08361
chinchilla-2022,2,Training Compute-Optimal Large Language Models,Hoffmann,2022.0,paper,arxiv,p0,,https://arxiv.org/pdf/2203.15556,https://arxiv.org/abs/2203.15556,direct PDF (arXiv ID mapped),original,arXiv ID:2203.15556
constitutional-ai-2022,2,Constitutional AI: Harmlessness from AI Feedback,Bai,2022.0,paper,arxiv,p0,,https://arxiv.org/pdf/2212.08073,https://arxiv.org/abs/2212.08073,direct PDF (arXiv ID mapped),original,arXiv ID:2212.08073
cot-2022,2,Chain-of-Thought Prompting Elicits Reasoning in Large Language Models,Wei,2022.0,paper,arxiv,p0,,https://arxiv.org/pdf/2201.11903,https://arxiv.org/abs/2201.11903,direct PDF (arXiv ID mapped),original,arXiv ID:2201.11903
instructgpt-2022,2,Training language models to follow instructions with human feedback,Ouyang,2022.0,paper,arxiv,p0,,https://arxiv.org/pdf/2203.02155,https://arxiv.org/abs/2203.02155,direct PDF (arXiv ID mapped),original,arXiv ID:2203.02155
react-2022,2,ReAct: Synergizing Reasoning and Acting in Language Models,Yao,2022.0,paper,arxiv,p0,top15,https://arxiv.org/pdf/2210.03629,https://arxiv.org/abs/2210.03629,direct PDF (arXiv ID mapped),original,arXiv ID:2210.03629
superposition-2022,2,Toy Models of Superposition,Elhage,2022.0,paper,arxiv,p0,,https://arxiv.org/pdf/2209.10652,https://arxiv.org/abs/2209.10652,direct PDF (arXiv ID mapped),original,arXiv ID:2209.10652
agent-survey-2023,2,A Survey on Large Language Model based Autonomous Agents,Wang,2023.0,paper,arxiv,p0,,https://arxiv.org/pdf/2308.11432,https://arxiv.org/abs/2308.11432,direct PDF (arXiv ID mapped),original,arXiv ID:2308.11432
dpo-2023,2,Direct Preference Optimization: Your Language Model is Secretly a Reward Model,Rafailov,2023.0,paper,arxiv,p0,,https://arxiv.org/pdf/2305.18290,https://arxiv.org/abs/2305.18290,direct PDF (arXiv ID mapped),original,arXiv ID:2305.18290
gpt4-2023,2,GPT-4 Technical Report,OpenAI,2023.0,report,arxiv,p0,,https://arxiv.org/pdf/2303.08774,https://arxiv.org/abs/2303.08774,direct PDF (arXiv ID mapped),original,arXiv ID:2303.08774
memgpt-2023,2,MemGPT: Towards LLMs as Operating Systems,Packer,2023.0,paper,arxiv,p0,,https://arxiv.org/pdf/2310.08560,https://arxiv.org/abs/2310.08560,direct PDF (arXiv ID mapped),original,arXiv ID:2310.08560
monosemanticity-2023,2,Towards Monosemanticity: Decomposing Language Models With Dictionary Learning,Bricken,2023.0,report,web,p0,,,https://transformer-circuits.pub/2023/monosemantic-features/index.html,official landing page,original,Anthropic research report.
reflexion-2023,2,Reflexion: Language Agents with Verbal Reinforcement Learning,Shinn,2023.0,paper,arxiv,p0,,https://arxiv.org/pdf/2303.11366,https://arxiv.org/abs/2303.11366,direct PDF (arXiv ID mapped),original,arXiv ID:2303.11366
self-rag-2023,2,"Self-RAG: Learning to Retrieve, Generate, and Critique through Self-Reflection",Asai,2023.0,paper,arxiv,p0,,https://arxiv.org/pdf/2310.11511,https://arxiv.org/abs/2310.11511,direct PDF (arXiv ID mapped),original,arXiv ID:2310.11511
toolformer-2023,2,Toolformer: Language Models Can Teach Themselves to Use Tools,Schick,2023.0,paper,arxiv,p0,top15,https://arxiv.org/pdf/2302.04761,https://arxiv.org/abs/2302.04761,direct PDF (arXiv ID mapped),original,arXiv ID:2302.04761
tree-of-thoughts-2023,2,Tree of Thoughts: Deliberate Problem Solving with Large Language Models,Yao,2023.0,paper,arxiv,p0,,https://arxiv.org/pdf/2305.10601,https://arxiv.org/abs/2305.10601,direct PDF (arXiv ID mapped),original,arXiv ID:2305.10601
voyager-2023,2,Voyager: An Open-Ended Embodied Agent with Large Language Models,Wang,2023.0,paper,arxiv,,,https://arxiv.org/pdf/2305.16291,https://arxiv.org/abs/2305.16291,direct PDF (arXiv ID mapped),original,arXiv ID:2305.16291
alignment-faking-2024,2,Alignment Faking in Large Language Models,Greenblatt,2024.0,paper,arxiv,p0,,https://arxiv.org/pdf/2412.14093,https://arxiv.org/abs/2412.14093,direct PDF (arXiv ID mapped),original,arXiv ID:2412.14093
building-agents-2024,2,Building Effective Agents,Anthropic,2024.0,spec,web,,,,https://www.anthropic.com/research/building-effective-agents,official landing page,original,Anthropic engineering guidance.
llama3-2024,2,The Llama 3 Herd of Models,Grattafiori,2024.0,report,arxiv,,,https://arxiv.org/pdf/2407.21783,https://arxiv.org/abs/2407.21783,direct PDF (arXiv ID mapped),original,arXiv ID:2407.21783
scaling-monosem-2024,2,Scaling Monosemanticity: Extracting Interpretable Features from Claude 3 Sonnet,Templeton,2024.0,report,web,p0,,,https://transformer-circuits.pub/2024/scaling-monosemanticity/index.html,official landing page,original,Anthropic research report.
sleeper-agents-2024,2,Sleeper Agents: Training Deceptive LLMs that Persist Through Safety Training,Hubinger,2024.0,paper,arxiv,p0,,https://arxiv.org/pdf/2401.05566,https://arxiv.org/abs/2401.05566,direct PDF (arXiv ID mapped),original,arXiv ID:2401.05566
swe-agent-2024,2,SWE-agent: Agent-Computer Interfaces Enable Automated Software Engineering,Yang,2024.0,paper,arxiv,p0,,https://arxiv.org/pdf/2405.15793,https://arxiv.org/abs/2405.15793,direct PDF (arXiv ID mapped),original,arXiv ID:2405.15793
agentic-misalignment-2025,2,Agentic Misalignment: How LLMs Could Be Insider Threats,Anthropic (Lynch et al.),2025.0,report,web,p0,new,,https://www.anthropic.com/research/agentic-misalignment,official landing page,added,Anthropic research report. Stress-tests of agentic insider-threat behavior across frontier models.
biology-of-llm-2025,2,On the Biology of a Large Language Model (Circuit Tracing),Lindsey,2025.0,report,web,p0,,,https://transformer-circuits.pub/2025/attribution-graphs/biology.html,official landing page,original,Anthropic circuit-tracing report.
deepseek-r1-2025,2,DeepSeek-R1: Incentivizing Reasoning Capability in LLMs via Reinforcement Learning,DeepSeek-AI,2025.0,paper,arxiv,p0,,https://arxiv.org/pdf/2501.12948,https://arxiv.org/abs/2501.12948,direct PDF (arXiv ID mapped),original,arXiv ID:2501.12948
mcp-spec-2024,2,Model Context Protocol Specification,Anthropic,2025.0,spec,web,p0,,,https://modelcontextprotocol.io/specification/2025-11-25,official landing page,original,Updated to authoritative MCP specification release 2025-11-25. Entry now points to authoritative specification release 2025-11-25.
a2a-spec-2025,2,Agent2Agent (A2A) Protocol Specification,Google,2026.0,spec,web,,,,https://a2a-protocol.org/v1.0.0/,official landing page,original,"Updated to A2A Protocol v1.0 under the Linux Foundation. Entry now points to A2A Protocol v1.0, current by July 2026."
agentic-ai-governance-lifecycle-2026,2,Agentic AI Governance and Lifecycle Management in Enterprise Systems,Various,2026.0,paper,arxiv,,new-2026,https://arxiv.org/pdf/2601.15630,https://arxiv.org/abs/2601.15630,direct PDF (arXiv ID mapped),added,arXiv ID:2601.15630 Lifecycle governance for persistent enterprise agents.
agentic-evolution-2026,2,Agentic Evolution: From Self-Improving Agents to Co-Evolving Agent Ecosystems,Microsoft Research,2026.0,report,web,,new-2026,https://www.microsoft.com/en-us/research/wp-content/uploads/2026/07/agentic-evolution.pdf,https://www.microsoft.com/en-us/research/publication/agentic-evolution/,official/publisher PDF,added,Microsoft Research PDF. Broad July 2026 synthesis of evolving agent systems.
mmlu-2020,3,Measuring Massive Multitask Language Understanding,Hendrycks,2020.0,paper,arxiv,p0,,https://arxiv.org/pdf/2009.03300,https://arxiv.org/abs/2009.03300,direct PDF (arXiv ID mapped),original,arXiv ID:2009.03300
humaneval-2021,3,Evaluating Large Language Models Trained on Code,Chen,2021.0,paper,arxiv,p0,,https://arxiv.org/pdf/2107.03374,https://arxiv.org/abs/2107.03374,direct PDF (arXiv ID mapped),original,arXiv ID:2107.03374
truthfulqa-2021,3,TruthfulQA: Measuring How Models Mimic Human Falsehoods,Lin,2021.0,paper,arxiv,p0,top15,https://arxiv.org/pdf/2109.07958,https://arxiv.org/abs/2109.07958,direct PDF (arXiv ID mapped),original,arXiv ID:2109.07958
big-bench-2022,3,Beyond the Imitation Game: Quantifying and extrapolating the capabilities of language models,Srivastava,2022.0,paper,arxiv,p0,,https://arxiv.org/pdf/2206.04615,https://arxiv.org/abs/2206.04615,direct PDF (arXiv ID mapped),original,arXiv ID:2206.04615
helm-2022,3,Holistic Evaluation of Language Models,Liang,2022.0,paper,arxiv,p0,top15,https://arxiv.org/pdf/2211.09110,https://arxiv.org/abs/2211.09110,direct PDF (arXiv ID mapped),original,arXiv ID:2211.09110
agentbench-2023,3,AgentBench: Evaluating LLMs as Agents,Liu,2023.0,paper,arxiv,p0,,https://arxiv.org/pdf/2308.03688,https://arxiv.org/abs/2308.03688,direct PDF (arXiv ID mapped),original,arXiv ID:2308.03688
gaia-2023,3,GAIA: A Benchmark for General AI Assistants,Mialon,2023.0,paper,arxiv,p0,,https://arxiv.org/pdf/2311.12983,https://arxiv.org/abs/2311.12983,direct PDF (arXiv ID mapped),original,arXiv ID:2311.12983
swe-bench-2023,3,SWE-bench: Can Language Models Resolve Real-World GitHub Issues?,Jimenez,2023.0,paper,arxiv,p0,,https://arxiv.org/pdf/2310.06770,https://arxiv.org/abs/2310.06770,direct PDF (arXiv ID mapped),original,arXiv ID:2310.06770
webarena-2023,3,WebArena: A Realistic Web Environment for Building Autonomous Agents,Zhou,2023.0,paper,arxiv,,,https://arxiv.org/pdf/2307.13854,https://arxiv.org/abs/2307.13854,direct PDF (arXiv ID mapped),original,arXiv ID:2307.13854
agent-safety-bench-2024,3,Agent-SafetyBench: Evaluating the Safety of LLM Agents,Zhang et al.,2024.0,paper,arxiv,,new,https://arxiv.org/pdf/2412.14470,https://arxiv.org/abs/2412.14470,direct PDF (arXiv ID mapped),added,arXiv ID:2412.14470 Useful complement to AgentHarm and AgentDojo.
agentcompany-2024,3,TheAgentCompany: Benchmarking LLM Agents on Consequential Real World Tasks,Xu et al.,2024.0,paper,arxiv,,new,https://arxiv.org/pdf/2412.14161,https://arxiv.org/abs/2412.14161,direct PDF (arXiv ID mapped),added,arXiv ID:2412.14161 Realistic long-horizon enterprise tasks; useful capability baseline for assurance claims.
agentdojo-2024,3,AgentDojo: A Dynamic Environment to Evaluate Attacks and Defenses for LLM Agents,Debenedetti,2024.0,paper,arxiv,p0,,https://arxiv.org/pdf/2406.13352,https://arxiv.org/abs/2406.13352,direct PDF (arXiv ID mapped),original,arXiv ID:2406.13352
agentharm-2024,3,AgentHarm: A Benchmark for Measuring Harmfulness of LLM Agents,Andriushchenko,2024.0,paper,arxiv,p0,,https://arxiv.org/pdf/2410.09024,https://arxiv.org/abs/2410.09024,direct PDF (arXiv ID mapped),original,arXiv ID:2410.09024
cybench-2024,3,Cybench: A Framework for Evaluating Cybersecurity Capabilities and Risks of Language Models,Zhang,2024.0,paper,arxiv,p0,,https://arxiv.org/pdf/2408.08926,https://arxiv.org/abs/2408.08926,direct PDF (arXiv ID mapped),original,arXiv ID:2408.08926
harmbench-2024,3,HarmBench: A Standardized Evaluation Framework for Automated Red Teaming and Robust Refusal,Mazeika,2024.0,paper,arxiv,p0,,https://arxiv.org/pdf/2402.04249,https://arxiv.org/abs/2402.04249,direct PDF (arXiv ID mapped),original,arXiv ID:2402.04249
mle-bench-2024,3,MLE-bench: Evaluating Machine Learning Agents on Machine Learning Engineering,Chan,2024.0,paper,arxiv,,,https://arxiv.org/pdf/2410.07095,https://arxiv.org/abs/2410.07095,direct PDF (arXiv ID mapped),original,arXiv ID:2410.07095
osworld-2024,3,OSWorld: Benchmarking Multimodal Agents for Open-Ended Tasks in Real Computer Environments,Xie,2024.0,paper,arxiv,,,https://arxiv.org/pdf/2404.07972,https://arxiv.org/abs/2404.07972,direct PDF (arXiv ID mapped),original,arXiv ID:2404.07972
tau-bench-2024,3,tau-bench: A Benchmark for Tool-Agent-User Interaction in Real-World Domains,Yao,2024.0,paper,arxiv,p0,,https://arxiv.org/pdf/2406.12045,https://arxiv.org/abs/2406.12045,direct PDF (arXiv ID mapped),original,arXiv ID:2406.12045
basharena-2025,3,BashArena: A Control Setting for Highly Privileged AI Agents,Kaufman et al.,2025.0,paper,arxiv,,new,https://arxiv.org/pdf/2512.15688,https://arxiv.org/abs/2512.15688,direct PDF (arXiv ID mapped),added,arXiv ID:2512.15688 AI-control environment underlying MonitoringBench/SLEIGHT-Bench.
computer-use-agent-safety-2025,3,A Benchmark for Measuring Safety of Computer Use Agents,Various,2025.0,paper,arxiv,,new,https://arxiv.org/pdf/2506.14866,https://arxiv.org/abs/2506.14866,direct PDF (arXiv ID mapped),added,arXiv ID:2506.14866 Safety evaluation for computer-use agents.
cve-bench-2025,3,CVE-Bench: A Benchmark for AI Agents' Ability to Exploit Real-World Web Application Vulnerabilities,Zhu et al.,2025.0,paper,arxiv,,new,https://arxiv.org/pdf/2503.17332,https://arxiv.org/abs/2503.17332,direct PDF (arXiv ID mapped),added,arXiv ID:2503.17332 Offensive-capability measurement; complements Cybench.
hle-2025,3,Humanity's Last Exam,Phan,2025.0,paper,arxiv,,,https://arxiv.org/pdf/2501.14249,https://arxiv.org/abs/2501.14249,direct PDF (arXiv ID mapped),original,arXiv ID:2501.14249
metr-horizons-2025,3,Measuring AI Ability to Complete Long Tasks,Kwa,2025.0,paper,arxiv,p0,,https://arxiv.org/pdf/2503.14499,https://arxiv.org/abs/2503.14499,direct PDF (arXiv ID mapped),original,arXiv ID:2503.14499
tau2-bench-2025,3,tau2-Bench: Evaluating Conversational Agents in a Dual-Control Environment,Barres et al.,2025.0,paper,arxiv,,new,https://arxiv.org/pdf/2506.07982,https://arxiv.org/abs/2506.07982,direct PDF (arXiv ID mapped),added,arXiv ID:2506.07982 Extends tau-bench with dual-control (agent+user act on environment).
ai-rd-automation-2026,3,Measuring AI R&D Automation,Various,2026.0,paper,arxiv,,new-2026,https://arxiv.org/pdf/2603.03992,https://arxiv.org/abs/2603.03992,direct PDF (arXiv ID mapped),added,arXiv ID:2603.03992 Updates capability measurement beyond generic task horizons.
livepi-2026,3,LivePI: More Realistic Benchmarking of Agents Against Indirect Prompt Injection,Various,2026.0,paper,arxiv,,new-2026,https://arxiv.org/pdf/2605.17986,https://arxiv.org/abs/2605.17986,direct PDF (arXiv ID mapped),added,arXiv ID:2605.17986 Live-environment indirect prompt injection benchmark.
monitoringbench-2026,3,MonitoringBench: Semi-Automated Red-Teaming for Agent Monitoring,Jotautaite et al.,2026.0,paper,arxiv,p0,new-2026,https://arxiv.org/pdf/2605.09684,https://arxiv.org/abs/2605.09684,direct PDF (arXiv ID mapped),added,"arXiv ID:2605.09684 2,644 attack trajectories for evaluating agent monitors; directly relevant to DecisionEnvelope-style oversight."
sleight-bench-2026,3,SLEIGHT-Bench: A Benchmark of Evasion Attacks Against Agent Monitors,Various,2026.0,paper,arxiv,,new-2026,https://arxiv.org/pdf/2605.16626,https://arxiv.org/abs/2605.16626,direct PDF (arXiv ID mapped),added,arXiv ID:2605.16626 Evasion-attack benchmark against agent monitors.
capabilities-1966,4,Programming Semantics for Multiprogrammed Computations,"Dennis,Van Horn",1966.0,paper,crossref,p0,,,https://search.crossref.org/?q=Programming+Semantics+for+Multiprogrammed+Computations,Crossref search; PDF not asserted,original,
anderson-monitor-1972,4,Computer Security Technology Planning Study,Anderson,1972.0,report,web,p0,,https://csrc.nist.gov/csrc/media/publications/conference-paper/1998/10/08/proceedings-of-the-21st-nissc-1998/documents/early-cs-papers/ande72.pdf,https://csrc.nist.gov/publications/detail/conference-paper/1998/10/08/computer-security-technology-planning-study/final,official/publisher PDF,original,NIST-hosted scan of the Anderson report.
saltzer-schroeder-1975,4,The Protection of Information in Computer Systems,"Saltzer,Schroeder",1975.0,paper,crossref,p0,,,https://search.crossref.org/?q=The+Protection+of+Information+in+Computer+Systems,Crossref search; PDF not asserted,original,
intriguing-2013,4,Intriguing properties of neural networks,Szegedy,2013.0,paper,arxiv,,,https://arxiv.org/pdf/1312.6199,https://arxiv.org/abs/1312.6199,direct PDF (arXiv ID mapped),original,arXiv ID:1312.6199
adversarial-2014,4,Explaining and Harnessing Adversarial Examples,Goodfellow,2014.0,paper,arxiv,p0,,https://arxiv.org/pdf/1412.6572,https://arxiv.org/abs/1412.6572,direct PDF (arXiv ID mapped),original,arXiv ID:1412.6572
model-extraction-2016,4,Stealing Machine Learning Models via Prediction APIs,Tramer,2016.0,paper,arxiv,p0,,https://arxiv.org/pdf/1609.02943,https://arxiv.org/abs/1609.02943,direct PDF (arXiv ID mapped),original,arXiv ID:1609.02943
carlini-wagner-2017,4,Towards Evaluating the Robustness of Neural Networks,"Carlini,Wagner",2017.0,paper,arxiv,p0,,https://arxiv.org/pdf/1608.04644,https://arxiv.org/abs/1608.04644,direct PDF (arXiv ID mapped),original,arXiv ID:1608.04644
mirai-2017,4,Understanding the Mirai Botnet,Antonakakis,2017.0,paper,web,,,https://www.usenix.org/system/files/conference/usenixsecurity17/sec17-antonakakis.pdf,https://www.usenix.org/conference/usenixsecurity17/technical-sessions/presentation/antonakakis,official/publisher PDF,original,USENIX open-access PDF.
extracting-training-2020,4,Extracting Training Data from Large Language Models,Carlini,2020.0,paper,arxiv,,,https://arxiv.org/pdf/2012.07805,https://arxiv.org/abs/2012.07805,direct PDF (arXiv ID mapped),original,arXiv ID:2012.07805
jailbroken-2023,4,Jailbroken: How Does LLM Safety Training Fail?,Wei,2023.0,paper,arxiv,p0,,https://arxiv.org/pdf/2307.02483,https://arxiv.org/abs/2307.02483,direct PDF (arXiv ID mapped),original,arXiv ID:2307.02483
poisoning-web-2023,4,Poisoning Web-Scale Training Datasets is Practical,Carlini,2023.0,paper,arxiv,,,https://arxiv.org/pdf/2302.10149,https://arxiv.org/abs/2302.10149,direct PDF (arXiv ID mapped),original,arXiv ID:2302.10149
prompt-injection-2023,4,Not what you've signed up for: Compromising Real-World LLM-Integrated Applications with Indirect Prompt Injection,Greshake,2023.0,paper,arxiv,p0,top15,https://arxiv.org/pdf/2302.12173,https://arxiv.org/abs/2302.12173,direct PDF (arXiv ID mapped),original,arXiv ID:2302.12173
universal-attacks-2023,4,Universal and Transferable Adversarial Attacks on Aligned Language Models,Zou,2023.0,paper,arxiv,,,https://arxiv.org/pdf/2307.15043,https://arxiv.org/abs/2307.15043,direct PDF (arXiv ID mapped),original,arXiv ID:2307.15043
agents-threat-2024,4,AI Agents Under Threat: A Survey of Key Security Challenges and Future Pathways,Deng,2024.0,paper,arxiv,p0,,https://arxiv.org/pdf/2406.02630,https://arxiv.org/abs/2406.02630,direct PDF (arXiv ID mapped),original,arXiv ID:2406.02630
injecagent-2024,4,InjecAgent: Benchmarking Indirect Prompt Injections in Tool-Integrated Large Language Model Agents,Zhan,2024.0,paper,arxiv,p0,top15,https://arxiv.org/pdf/2403.02691,https://arxiv.org/abs/2403.02691,direct PDF (arXiv ID mapped),original,arXiv ID:2403.02691
many-shot-2024,4,Many-shot Jailbreaking,Anil,2024.0,paper,web,,,,https://www.anthropic.com/research/many-shot-jailbreaking,official landing page,original,Anthropic research article.
spotlighting-2024,4,Defending Against Indirect Prompt Injection Attacks With Spotlighting,Hines,2024.0,paper,arxiv,,,https://arxiv.org/pdf/2403.14720,https://arxiv.org/abs/2403.14720,direct PDF (arXiv ID mapped),original,arXiv ID:2403.14720
struq-2024,4,StruQ: Defending Against Prompt Injection with Structured Queries,Chen,2024.0,paper,arxiv,p0,,https://arxiv.org/pdf/2402.06363,https://arxiv.org/abs/2402.06363,direct PDF (arXiv ID mapped),original,arXiv ID:2402.06363
camel-2025,4,Defeating Prompt Injections by Design (CaMeL),Debenedetti,2025.0,paper,arxiv,p0,,https://arxiv.org/pdf/2503.18813,https://arxiv.org/abs/2503.18813,direct PDF (arXiv ID mapped),original,arXiv ID:2503.18813
const-classifiers-2025,4,Constitutional Classifiers: Defending against Universal Jailbreaks,Sharma,2025.0,paper,arxiv,,,https://arxiv.org/pdf/2501.18837,https://arxiv.org/abs/2501.18837,direct PDF (arXiv ID mapped),original,arXiv ID:2501.18837
design-patterns-sec-2025,4,Design Patterns for Securing LLM Agents against Prompt Injections,Beurer-Kellner,2025.0,paper,arxiv,p0,,https://arxiv.org/pdf/2506.08837,https://arxiv.org/abs/2506.08837,direct PDF (arXiv ID mapped),original,arXiv ID:2506.08837
lethal-trifecta-2025,4,The Lethal Trifecta for AI Agents,Willison,2025.0,spec,web,,,,https://simonwillison.net/2025/Jun/16/the-lethal-trifecta/,official landing page,original,Canonical article; not a formal standard.
maestro-2025,4,"MAESTRO: Multi-Agent Environment, Security, Threat, Risk and Outcome Framework",Cloud Security Alliance,2025.0,spec,web,,,,https://cloudsecurityalliance.org/artifacts/maestro,official landing page,original,Cloud Security Alliance framework landing page.
nist-aml-taxonomy-2025,4,Adversarial Machine Learning: A Taxonomy and Terminology of Attacks and Mitigations,NIST,2025.0,standard,doi,p0,new,https://nvlpubs.nist.gov/nistpubs/ai/NIST.AI.100-2e2025.pdf,https://csrc.nist.gov/pubs/ai/100/2/e2025/final,official/publisher PDF,added,NIST official PDF. Official NIST AI 100-2 E2025.
owasp-llm-top10-2025,4,OWASP Top 10 for LLM Applications and Generative AI,OWASP,2025.0,spec,web,p0,,https://owasp.org/www-project-top-10-for-large-language-model-applications/assets/PDF/OWASP-Top-10-for-LLMs-v2025.pdf,https://genai.owasp.org/llm-top-10/,official/publisher PDF,original,Official OWASP 2025 PDF.
secalign-2025,4,SecAlign: Defending Against Prompt Injection with Preference Optimization,Chen et al.,2025.0,paper,arxiv,,new,https://arxiv.org/pdf/2410.05451,https://arxiv.org/abs/2410.05451,direct PDF (arXiv ID mapped),added,arXiv ID:2410.05451 Training-time prompt-injection defense; complements StruQ/Spotlighting/CaMeL.
trustworthy-agents-survey-2025,4,A Survey on Trustworthy LLM Agents: Threats and Countermeasures,Yu et al.,2025.0,paper,arxiv,,new,https://arxiv.org/pdf/2503.09648,https://arxiv.org/abs/2503.09648,direct PDF (arXiv ID mapped),added,arXiv ID:2503.09648 Broad trust/threat/countermeasure survey for agents.
agentic-adr-mcp-2026,4,Agentic AI Detection and Response for MCP-Based Enterprise Agents,Various,2026.0,paper,arxiv,p0,new-2026,https://arxiv.org/pdf/2605.17380,https://arxiv.org/abs/2605.17380,direct PDF (arXiv ID mapped),added,arXiv ID:2605.17380 Production-oriented monitoring and response architecture.
agentic-security-survey-2026,4,"Agentic AI Security: Threats, Defenses, Evaluation, and Open Challenges",Datta et al.,2026.0,paper,arxiv,p0,new-2026,https://arxiv.org/pdf/2510.23883,https://arxiv.org/abs/2510.23883,direct PDF (arXiv ID mapped),added,arXiv ID:2510.23883 Comprehensive 2026 security survey.
attack-defense-agentic-2026,4,The Attack and Defense Landscape of Agentic AI,Various,2026.0,paper,arxiv,p0,new-2026,https://arxiv.org/pdf/2603.11088,https://arxiv.org/abs/2603.11088,direct PDF (arXiv ID mapped),added,arXiv ID:2603.11088 Systematic attack and defense taxonomy.
clawworm-2026,4,ClawWorm: Self-Propagating Attacks Across LLM Agent Ecosystems,Various,2026.0,paper,arxiv,,new-2026,https://arxiv.org/pdf/2603.15727,https://arxiv.org/abs/2603.15727,direct PDF (arXiv ID mapped),added,arXiv ID:2603.15727 Worm-style propagation across agent ecosystems.
cross-site-prompt-injection-2026,4,Confining Cross-Site Prompt Injection in Web Agents,Various,2026.0,paper,arxiv,p0,new-2026,https://arxiv.org/pdf/2607.08147,https://arxiv.org/abs/2607.08147,direct PDF (arXiv ID mapped),added,"arXiv ID:2607.08147 Very recent web-agent isolation work, July 2026."
memory-sec-survey-2026,4,"A Survey on Long-Term Memory Security in LLM Agents: Attacks, Defenses, and Governance Across the Memory Lifecycle",Lin,2026.0,paper,arxiv,p0,,https://arxiv.org/pdf/2604.16548,https://arxiv.org/abs/2604.16548,direct PDF (arXiv ID mapped),original,arXiv ID:2604.16548 Correct arXiv ID: 2604.16548.
openclaw-case-study-2026,4,Uncovering Security Threats and Architecting Defenses in Autonomous Agents: A Case Study of OpenClaw,Ying et al.,2026.0,paper,arxiv,p0,new-2026,https://arxiv.org/pdf/2603.12644,https://arxiv.org/abs/2603.12644,direct PDF (arXiv ID mapped),added,arXiv ID:2603.12644 Tri-layered risk taxonomy + Full-Lifecycle Agent Security Architecture (FASA); OpenClaw ecosystem.
openclaw-layered-review-2026,4,Security Attack and Defense Strategies for Autonomous Agent Frameworks: A Layered Review with OpenClaw as a Case Study,Various,2026.0,paper,arxiv,,new-2026,https://arxiv.org/pdf/2604.27464,https://arxiv.org/abs/2604.27464,direct PDF (arXiv ID mapped),added,arXiv ID:2604.27464 Four-layer cross-layer threat propagation review.
privacy-llm-agents-2026,4,A Data-Centric Survey of Privacy in LLM Agents,Lahjouji et al.,2026.0,paper,arxiv,,new-2026,https://arxiv.org/pdf/2606.26627,https://arxiv.org/abs/2606.26627,direct PDF (arXiv ID mapped),added,arXiv ID:2606.26627 Current privacy survey covering agent data flows and memory.
secure-agentic-web-2026,4,From Secure Agentic AI to Secure Agentic Web,Various,2026.0,paper,arxiv,,new-2026,https://arxiv.org/pdf/2603.01564,https://arxiv.org/abs/2603.01564,direct PDF (arXiv ID mapped),added,arXiv ID:2603.01564 Protocol- and ecosystem-level security perspective.
taming-openclaw-2026,4,Taming OpenClaw: Security Analysis and Mitigation of Autonomous LLM Agent Threats,Various,2026.0,paper,arxiv,,new-2026,https://arxiv.org/pdf/2603.11619,https://arxiv.org/abs/2603.11619,direct PDF (arXiv ID mapped),added,"arXiv ID:2603.11619 Five-layer lifecycle framework; IPI, skill supply chain, memory poisoning, intent drift."
trust-no-tool-2026,4,Trust No Tool: Evaluating and Defending LLM Agents under Untrusted Tool Feedback,Yan et al.,2026.0,paper,arxiv,p0,new-2026,https://arxiv.org/pdf/2605.17453,https://arxiv.org/abs/2605.17453,direct PDF (arXiv ID mapped),added,arXiv ID:2605.17453 Cognitive poisoning via tool feedback; TRUST-Bench + VISTA-Guard trajectory-aware final-action scoring.
aia-2018,5,Algorithmic Impact Assessments: A Practical Framework for Public Agency Accountability,Reisman,2018.0,report,web,p0,,https://ainowinstitute.org/wp-content/uploads/2023/04/aap-toolkit.pdf,https://ainowinstitute.org/publication/algorithmic-impact-assessments-report-2,official/publisher PDF,original,AI Now Institute report/toolkit.
datasheets-2018,5,Datasheets for Datasets,Gebru,2018.0,paper,arxiv,p0,top15,https://arxiv.org/pdf/1803.09010,https://arxiv.org/abs/1803.09010,direct PDF (arXiv ID mapped),original,arXiv ID:1803.09010
factsheets-2019,5,FactSheets: Increasing trust in AI services through supplier's declarations of conformity,Arnold,2019.0,paper,crossref,p0,,,https://search.crossref.org/?q=FactSheets%3A+Increasing+trust+in+AI+services+through+supplier%27s+declarations+of+conformity,Crossref search; PDF not asserted,original,
model-cards-2019,5,Model Cards for Model Reporting,Mitchell,2019.0,paper,arxiv,p0,top15,https://arxiv.org/pdf/1810.03993,https://arxiv.org/abs/1810.03993,direct PDF (arXiv ID mapped),original,arXiv ID:1810.03993
verifiable-claims-2020,5,Toward Trustworthy AI Development: Mechanisms for Supporting Verifiable Claims,Brundage,2020.0,paper,arxiv,,,https://arxiv.org/pdf/2004.07213,https://arxiv.org/abs/2004.07213,direct PDF (arXiv ID mapped),original,arXiv ID:2004.07213
governing-agents-2023,5,Practices for Governing Agentic AI Systems,Shavit,2023.0,report,web,p0,,,https://openai.com/index/practices-for-governing-agentic-ai-systems/,official landing page,original,Publisher landing page.
iso-23894-2023,5,ISO/IEC 23894:2023 Artificial intelligence - Guidance on risk management,ISO,2023.0,standard,web,p0,,,https://www.iso.org/standard/77304.html,official landing page,original,ISO landing page; standard text is paywalled.
iso-42001-2023,5,ISO/IEC 42001:2023 Artificial intelligence management system,ISO,2023.0,standard,web,p0,top15,,https://www.iso.org/standard/81230.html,official landing page,original,ISO landing page; standard text is paywalled.
nist-ai-rmf-2023,5,Artificial Intelligence Risk Management Framework (AI RMF 1.0),NIST,2023.0,standard,doi,p0,top15,https://nvlpubs.nist.gov/nistpubs/ai/nist.ai.100-1.pdf,https://www.nist.gov/itl/ai-risk-management-framework,official/publisher PDF,original,Official NIST AI RMF 1.0 PDF.
preparedness-fw-2023,5,Preparedness Framework,OpenAI,2023.0,spec,web,,,,https://openai.com/index/updating-our-preparedness-framework/,official landing page,original,Living framework; current OpenAI version replaces the 2023 launch document.
anthropic-rsp-2024,5,Anthropic's Responsible Scaling Policy,Anthropic,2024.0,spec,web,,,,https://www.anthropic.com/responsible-scaling-policy,official landing page,original,Living policy; use current version on landing page.
eu-ai-act-2024,5,Regulation (EU) 2024/1689 (Artificial Intelligence Act),"European Parliament,Council",2024.0,standard,web,p0,top15,https://eur-lex.europa.eu/legal-content/EN/TXT/PDF/?uri=OJ:L_202401689,https://eur-lex.europa.eu/eli/reg/2024/1689/oj/eng,official/publisher PDF,original,Official EUR-Lex consolidated publication.
frontier-safety-fw-2024,5,Frontier Safety Framework,Google DeepMind,2024.0,spec,web,,,,https://deepmind.google/discover/blog/introducing-the-frontier-safety-framework/,official landing page,original,Living framework; use current version on landing page.
kolt-agents-2024,5,Governing AI Agents,Kolt,2024.0,paper,web,p0,,,https://scholar.google.com/scholar?q=Governing+AI+Agents,scholar search; official source not yet pinned,original,
nist-genai-2024,5,Artificial Intelligence Risk Management Framework: Generative Artificial Intelligence Profile,NIST,2024.0,standard,doi,p0,,https://nvlpubs.nist.gov/nistpubs/ai/NIST.AI.600-1.pdf,https://www.nist.gov/publications/artificial-intelligence-risk-management-framework-generative-artificial-intelligence,official/publisher PDF,original,Official NIST AI 600-1 PDF.
nsm-grunnprinsipper,5,NSM Grunnprinsipper for IKT-sikkerhet 2.1,NSM,2024.0,standard,web,,,,https://nsm.no/regelverk-og-hjelp/rad-og-anbefalinger/grunnprinsipper-for-ikt-sikkerhet-2-1/,official landing page,original,Official NSM guidance. Version 2.1 publication year normalized to 2024.
singapore-genai-fw-2024,5,Model AI Governance Framework for Generative AI,"IMDA,AI Verify Foundation",2024.0,standard,web,,new,,https://aiverifyfoundation.sg/,official landing page,added,AI Verify Foundation site; framework PDF linked from resources. Complements NIST AI RMF and EU approaches.
visibility-agents-2024,5,Visibility into AI Agents,Chan,2024.0,paper,arxiv,p0,,,https://arxiv.org/search/?query=Visibility+into+AI+Agents&searchtype=title,search link; PDF not asserted,original,
eu-digital-omnibus-2025,5,Digital Omnibus on AI (proposal amending Regulation (EU) 2024/1689),European Commission,2025.0,standard,web,,new,,https://digital-strategy.ec.europa.eu/en/policies/regulatory-framework-ai,official landing page,added,Tracked via Commission AI policy page; proposal adjusting AI Act timelines/obligations. Status evolving - verify before citing.
eu-gpai-code-2025,5,General-Purpose AI Code of Practice,European Commission,2025.0,standard,web,p0,,,https://digital-strategy.ec.europa.eu/en/policies/contents-code-gpai,official landing page,original,Final Code published 10 July 2025; official page hosts component documents.
infra-agents-2025,5,Infrastructure for AI Agents,Chan,2025.0,paper,arxiv,p0,,,https://arxiv.org/search/?query=Infrastructure+for+AI+Agents&searchtype=title,search link; PDF not asserted,original,
intl-safety-report-2025,5,International AI Safety Report,Bengio,2025.0,report,web,p0,,https://assets.publishing.service.gov.uk/media/679a0c48a77d250007d313ee/International_AI_Safety_Report_2025_accessible_f.pdf,https://www.gov.uk/government/publications/international-ai-safety-report-2025,official/publisher PDF,original,Official report PDF.
iso-42005-2025,5,ISO/IEC 42005:2025 AI system impact assessment,ISO,2025.0,standard,web,p0,new,,https://www.iso.org/standard/42005,official landing page,added,ISO official page. Official impact-assessment standard; text is paywalled.
iso-42006-2025,5,ISO/IEC 42006:2025 Requirements for bodies providing audit and certification of AI management systems,ISO,2025.0,standard,web,p0,new,,https://www.iso.org/standard/42006,official landing page,added,ISO official page. Certification-body requirements supporting ISO/IEC 42001.
nist-cyber-ai-profile-2025,5,"Cybersecurity Framework Profile for Artificial Intelligence, Initial Preliminary Draft (NIST IR 8596)",NIST,2025.0,standard,doi,,new,https://nvlpubs.nist.gov/nistpubs/ir/2025/NIST.IR.8596.iprd.pdf,https://csrc.nist.gov/pubs/ir/8596/iprd,official/publisher PDF,added,NIST initial preliminary draft. Draft profile linking cybersecurity and AI risk.
eu-gpai-guidelines-2026,5,Guidelines for providers of general-purpose AI models under the AI Act,European Commission,2026.0,standard,web,p0,new-2026,,https://digital-strategy.ec.europa.eu/en/policies/guidelines-gpai-providers,official landing page,added,European Commission official guidance. Official Commission guidance published in 2026.
c4-model,6,The C4 model for visualising software architecture,Brown,,spec,web,,,,https://c4model.com/,official landing page,original,Canonical C4 model site.
event-sourcing,6,Event Sourcing,Fowler,,spec,web,,,,https://martinfowler.com/eaaDev/EventSourcing.html,official landing page,original,Canonical Martin Fowler article.
rules-of-ml,6,Rules of Machine Learning: Best Practices for ML Engineering,Zinkevich,,spec,web,p0,,,https://developers.google.com/machine-learning/guides/rules-of-ml,official landing page,original,Google engineering guide.
cap-2002,6,"Brewer's conjecture and the feasibility of consistent, available, partition-tolerant web services","Gilbert,Lynch",2002.0,paper,crossref,p0,,,https://search.crossref.org/?q=Brewer%27s+conjecture+and+the+feasibility+of+consistent%2C+available%2C+partition-tolerant+web+services,Crossref search; PDF not asserted,original,
ddd-2003,6,Domain-Driven Design: Tackling Complexity in the Heart of Software,Evans,2003.0,book,crossref,p0,,,https://search.crossref.org/?q=Domain-Driven+Design%3A+Tackling+Complexity+in+the+Heart+of+Software,Crossref search; PDF not asserted,original,
dataset-shift-2009,6,Dataset Shift in Machine Learning,Quionero-Candela,2009.0,book,crossref,p0,,,https://search.crossref.org/?q=Dataset+Shift+in+Machine+Learning,Crossref search; PDF not asserted,original,
raft-2014,6,In Search of an Understandable Consensus Algorithm,"Ongaro,Ousterhout",2014.0,paper,web,p0,,https://raft.github.io/raft.pdf,https://raft.github.io/,official/publisher PDF,original,Author-hosted PDF.
sculley-debt-2015,6,Hidden Technical Debt in Machine Learning Systems,Sculley,2015.0,paper,web,p0,top15,https://papers.nips.cc/paper_files/paper/2015/file/86df7dcfd896fcaf2674f757a2463eba-Paper.pdf,https://papers.nips.cc/paper/2015/hash/86df7dcfd896fcaf2674f757a2463eba-Abstract.html,official/publisher PDF,original,NeurIPS proceedings PDF.
sre-2016,6,Site Reliability Engineering: How Google Runs Production Systems,Beyer,2016.0,book,web,p0,,,https://sre.google/sre-book/table-of-contents/,official landing page,original,Official free online edition.
ddia-2017,6,Designing Data-Intensive Applications,Kleppmann,2017.0,book,crossref,p0,,,https://search.crossref.org/?q=Designing+Data-Intensive+Applications,Crossref search; PDF not asserted,original,
ml-test-score-2017,6,The ML Test Score: A Rubric for ML Production Readiness and Technical Debt Reduction,Breck,2017.0,paper,crossref,p0,,https://storage.googleapis.com/pub-tools-public-publication-data/pdf/aad9f93b86b7addfea4c419b9100c6cdd26cacea.pdf,https://research.google/pubs/the-ml-test-score-a-rubric-for-ml-production-readiness-and-technical-debt-reduction/,official/publisher PDF,original,Google Research author PDF.
data-cascades-2021,6,"""Everyone wants to do the model work, not the data work"": Data Cascades in High-Stakes AI",Sambasivan,2021.0,paper,crossref,p0,,,https://search.crossref.org/?q=%22Everyone+wants+to+do+the+model+work%2C+not+the+data+work%22%3A+Data+Cascades+in+High-Stakes+AI,Crossref search; PDF not asserted,original,
mlops-2022,6,"Machine Learning Operations (MLOps): Overview, Definition, and Architecture",Kreuzberger,2022.0,paper,arxiv,,,https://arxiv.org/pdf/2205.02302,https://arxiv.org/abs/2205.02302,direct PDF (arXiv ID mapped),original,arXiv ID:2205.02302
ai-engineering-2025,6,AI Engineering: Building Applications with Foundation Models,Huyen,2025.0,book,web,,new,,https://www.oreilly.com/library/view/ai-engineering/9781098166298/,official landing page,added,O'Reilly landing page. Production engineering practices for foundation-model applications.
context-engineering-2025,6,Effective Context Engineering for AI Agents,Anthropic,2025.0,spec,web,,,,https://www.anthropic.com/engineering/effective-context-engineering-for-ai-agents,official landing page,original,Anthropic engineering article.
twelve-factor-agents,6,12-Factor Agents: Principles for Reliable LLM Applications,Horthy,2025.0,spec,web,,,,https://github.com/humanlayer/12-factor-agents,official landing page,original,Living engineering principles.
c2pa-spec,7,C2PA Content Credentials: Coalition for Content Provenance and Authenticity Specification,C2PA,,spec,web,,,,https://c2pa.org/specifications/specifications/2.2/specs/C2PA_Specification.html,official landing page,original,Versioned C2PA specification.
cyclonedx-mlbom,7,CycloneDX Machine Learning Bill of Materials (ML-BOM),OWASP,,spec,web,,,,https://cyclonedx.org/capabilities/mlbom/,official landing page,original,CycloneDX ML-BOM capability page.
model-transparency-spec,7,Sigstore Model Transparency: Cryptographic Signing for ML Models,"OpenSSF,Sigstore",,spec,web,,new,,https://github.com/sigstore/model-transparency,official landing page,added,Official project repo. Extends Sigstore signing to model artifacts; pairs with SLSA/in-toto for AI supply chain.
slsa-v1,7,SLSA: Supply-chain Levels for Software Artifacts,SLSA,,spec,web,p0,top15,,https://slsa.dev/spec/v1.1/,official landing page,original,Current stable SLSA v1.x specification.
spiffe-spec,7,SPIFFE: Secure Production Identity Framework for Everyone,CNCF,,spec,web,p0,,,https://github.com/spiffe/spiffe/blob/main/standards/SPIFFE.md,official landing page,original,Canonical SPIFFE specification.
trusting-trust-1984,7,Reflections on Trusting Trust,Thompson,1984.0,paper,crossref,,,https://www.cs.cmu.edu/~rdriley/487/papers/Thompson_1984_ReflectionsonTrustingTrust.pdf,https://dl.acm.org/doi/10.1145/358198.358210,official/publisher PDF,original,Widely mirrored author-readable PDF.
dbc-1992,7,"Applying ""Design by Contract""",Meyer,1992.0,paper,crossref,p0,,,https://search.crossref.org/?q=Applying+%22Design+by+Contract%22,Crossref search; PDF not asserted,original,
pcc-1997,7,Proof-Carrying Code,Necula,1997.0,paper,crossref,p0,,,https://search.crossref.org/?q=Proof-Carrying+Code,Crossref search; PDF not asserted,original,
tuf-2010,7,Survivable Key Compromise in Software Update Systems,Samuel,2010.0,paper,crossref,p0,,https://theupdateframework.io/papers/survivable-key-compromise-ccs2010.pdf,https://theupdateframework.io/,official/publisher PDF,original,Project-hosted paper PDF.
ct-rfc6962-2013,7,RFC 6962: Certificate Transparency,Laurie,2013.0,standard,web,,,https://www.rfc-editor.org/rfc/pdfrfc/rfc6962.txt.pdf,https://www.rfc-editor.org/rfc/rfc6962,official/publisher PDF,original,RFC Editor PDF.
prov-dm-2013,7,PROV-DM: The PROV Data Model,W3C,2013.0,standard,web,p0,top15,,https://www.w3.org/TR/prov-dm/,official landing page,original,W3C Recommendation.
in-toto-2019,7,in-toto: Providing farm-to-table guarantees for bits and bytes,Torres-Arias,2019.0,paper,web,p0,top15,https://www.usenix.org/system/files/sec19-torres-arias.pdf,https://www.usenix.org/conference/usenixsecurity19/presentation/torres-arias,official/publisher PDF,original,USENIX open-access PDF.
nist-zta-2020,7,Zero Trust Architecture,NIST,2020.0,standard,doi,p0,,https://nvlpubs.nist.gov/nistpubs/SpecialPublications/NIST.SP.800-207.pdf,https://csrc.nist.gov/pubs/sp/800/207/final,official/publisher PDF,original,Official NIST Zero Trust Architecture PDF.
nist-ssdf-2022,7,Secure Software Development Framework (SSDF) Version 1.1,NIST,2022.0,standard,doi,p0,,https://nvlpubs.nist.gov/nistpubs/SpecialPublications/NIST.SP.800-218.pdf,https://csrc.nist.gov/pubs/sp/800/218/final,official/publisher PDF,original,Official NIST SSDF PDF.
sigstore-2022,7,Sigstore: Software Signing for Everybody,Newman,2022.0,paper,crossref,p0,,,https://search.crossref.org/?q=Sigstore%3A+Software+Signing+for+Everybody,Crossref search; PDF not asserted,original,
rats-rfc9334-2023,7,RFC 9334: Remote ATtestation procedureS (RATS) Architecture,IETF,2023.0,standard,web,p0,,https://www.rfc-editor.org/rfc/pdfrfc/rfc9334.txt.pdf,https://www.rfc-editor.org/rfc/rfc9334,official/publisher PDF,original,RFC Editor PDF.
model-checking-1981,8,Design and Synthesis of Synchronization Skeletons Using Branching Time Temporal Logic,"Clarke,Emerson",1981.0,paper,crossref,p0,,,https://search.crossref.org/?q=Design+and+Synthesis+of+Synchronization+Skeletons+Using+Branching+Time+Temporal+Logic,Crossref search; PDF not asserted,original,
tla-1994,8,The Temporal Logic of Actions,Lamport,1994.0,paper,crossref,p0,,https://lamport.azurewebsites.net/pubs/lamport-actions.pdf,https://lamport.azurewebsites.net/pubs/actions.html,official/publisher PDF,original,Author-hosted PDF.
quickcheck-2000,8,QuickCheck: A Lightweight Tool for Random Testing of Haskell Programs,"Claessen,Hughes",2000.0,paper,crossref,p0,,https://www.cs.tufts.edu/~nr/cs257/archive/john-hughes/quick.pdf,https://dl.acm.org/doi/10.1145/351240.351266,official/publisher PDF,original,Open mirror plus ACM metadata.
isabelle-2002,8,Isabelle/HOL: A Proof Assistant for Higher-Order Logic,"Nipkow,Paulson,Wenzel",2002.0,book,crossref,p0,,,https://search.crossref.org/?q=Isabelle%2FHOL%3A+A+Proof+Assistant+for+Higher-Order+Logic,Crossref search; PDF not asserted,original,
z3-2008,8,Z3: An Efficient SMT Solver,"de Moura,Bjorner",2008.0,paper,crossref,p0,,https://www.microsoft.com/en-us/research/wp-content/uploads/2016/02/z3.pdf,https://www.microsoft.com/en-us/research/publication/z3-an-efficient-smt-solver/,official/publisher PDF,original,Microsoft Research PDF.
reluplex-2017,8,Reluplex: An Efficient SMT Solver for Verifying Deep Neural Networks,Katz,2017.0,paper,arxiv,p0,,https://arxiv.org/pdf/1702.01135,https://arxiv.org/abs/1702.01135,direct PDF (arXiv ID mapped),original,arXiv ID:1702.01135
metamorphic-2018,8,Metamorphic Testing: A Review of Challenges and Opportunities,Chen,2018.0,paper,crossref,p0,,,https://search.crossref.org/?q=Metamorphic+Testing%3A+A+Review+of+Challenges+and+Opportunities,Crossref search; PDF not asserted,original,
lean4-2021,8,The Lean 4 Theorem Prover and Programming Language,"de Moura,Ullrich",2021.0,paper,crossref,p0,,https://lean-lang.org/papers/lean4.pdf,https://lean-lang.org/papers/lean4.pdf,official/publisher PDF,original,Lean project-hosted paper.
guaranteed-safe-2024,8,Towards Guaranteed Safe AI: A Framework for Ensuring Robust and Reliable AI Systems,Dalrymple,2024.0,paper,arxiv,p0,,,https://arxiv.org/search/?query=Towards+Guaranteed+Safe+AI%3A+A+Framework+for+Ensuring+Robust+and+Reliable+AI+Systems&searchtype=title,search link; PDF not asserted,original,
marabou2-2024,8,Marabou 2.0: A Versatile Formal Analyzer of Neural Networks,Wu et al.,2024.0,paper,arxiv,,new,https://arxiv.org/pdf/2401.14461,https://arxiv.org/abs/2401.14461,direct PDF (arXiv ID mapped),added,arXiv ID:2401.14461 CAV 2024; successor to Reluplex for NN verification.
safeguarded-ai-2024,8,Safeguarded AI: Constructing Guaranteed Safety (Programme Thesis),ARIA,2024.0,report,web,,,,https://www.aria.org.uk/our-programmes/safeguarded-ai/,official landing page,original,ARIA programme thesis and resources.
contextual-integrity-2004,9,Privacy as Contextual Integrity,Nissenbaum,2004.0,paper,crossref,,new,,https://search.crossref.org/?q=Privacy+as+Contextual+Integrity,Crossref search; PDF not asserted,added,Washington Law Review. Theoretical foundation used by agent-privacy work (e.g. AirGapAgent).
calibrating-noise-2006,9,Calibrating Noise to Sensitivity in Private Data Analysis,Dwork,2006.0,paper,crossref,p0,,,https://search.crossref.org/?q=Calibrating+Noise+to+Sensitivity+in+Private+Data+Analysis,Crossref search; PDF not asserted,original,
fairness-awareness-2012,9,Fairness Through Awareness,Dwork,2012.0,paper,crossref,p0,,https://arxiv.org/pdf/1104.3913,https://arxiv.org/abs/1104.3913,direct PDF (arXiv ID mapped),original,arXiv ID:1104.3913
dp-sgd-2016,9,Deep Learning with Differential Privacy,Abadi,2016.0,paper,arxiv,p0,,https://arxiv.org/pdf/1607.00133,https://arxiv.org/abs/1607.00133,direct PDF (arXiv ID mapped),original,arXiv ID:1607.00133
equality-opportunity-2016,9,Equality of Opportunity in Supervised Learning,"Hardt,Price,Srebro",2016.0,paper,arxiv,p0,,https://arxiv.org/pdf/1610.02413,https://arxiv.org/abs/1610.02413,direct PDF (arXiv ID mapped),original,arXiv ID:1610.02413
gdpr-2016,9,Regulation (EU) 2016/679 (General Data Protection Regulation),"European Parliament,Council",2016.0,standard,web,p0,,https://eur-lex.europa.eu/legal-content/EN/TXT/PDF/?uri=CELEX:32016R0679,https://eur-lex.europa.eu/eli/reg/2016/679/oj,official/publisher PDF,original,Official EUR-Lex text.
membership-inference-2017,9,Membership Inference Attacks Against Machine Learning Models,Shokri,2017.0,paper,arxiv,p0,,https://arxiv.org/pdf/1610.05820,https://arxiv.org/abs/1610.05820,direct PDF (arXiv ID mapped),original,arXiv ID:1610.05820
gender-shades-2018,9,Gender Shades: Intersectional Accuracy Disparities in Commercial Gender Classification,"Buolamwini,Gebru",2018.0,paper,crossref,p0,,https://proceedings.mlr.press/v81/buolamwini18a/buolamwini18a.pdf,https://proceedings.mlr.press/v81/buolamwini18a.html,official/publisher PDF,original,PMLR open-access PDF.
fairness-abstraction-2019,9,Fairness and Abstraction in Sociotechnical Systems,Selbst,2019.0,paper,crossref,p0,,,https://search.crossref.org/?q=Fairness+and+Abstraction+in+Sociotechnical+Systems,Crossref search; PDF not asserted,original,
machine-unlearning-2021,9,Machine Unlearning,Bourtoule et al.,2021.0,paper,arxiv,,new,https://arxiv.org/pdf/1912.03817,https://arxiv.org/abs/1912.03817,direct PDF (arXiv ID mapped),added,"arXiv ID:1912.03817 IEEE S&P 2021; SISA framework, foundational for data-deletion compliance (GDPR art. 17)."
memorization-2022,9,Quantifying Memorization Across Neural Language Models,Carlini,2022.0,paper,arxiv,,,https://arxiv.org/pdf/2202.07646,https://arxiv.org/abs/2202.07646,direct PDF (arXiv ID mapped),original,arXiv ID:2202.07646
extract-production-2023,9,Scalable Extraction of Training Data from (Production) Language Models,Nasr,2023.0,paper,arxiv,,,https://arxiv.org/pdf/2311.17035,https://arxiv.org/abs/2311.17035,direct PDF (arXiv ID mapped),original,arXiv ID:2311.17035
airgapagent-2024,9,AirGapAgent: Protecting Privacy-Conscious Conversational Agents,Bagdasarian et al.,2024.0,paper,arxiv,p0,new,https://arxiv.org/pdf/2405.05175,https://arxiv.org/abs/2405.05175,direct PDF (arXiv ID mapped),added,arXiv ID:2405.05175 CCS 2024; contextual-integrity-based data minimization for agents.
gsn-standard,10,Goal Structuring Notation Community Standard,SCSC,,standard,web,p0,,,https://scsc.uk/gsn,official landing page,original,GSN Community Standard landing page.
runtime-verification-2009,10,A brief account of runtime verification,"Leucker,Schallhart",2009.0,paper,crossref,p0,,,https://search.crossref.org/?q=A+brief+account+of+runtime+verification,Crossref search; PDF not asserted,original,
assurance-cases-2010,10,"Safety and Assurance Cases: Past, Present and Possible Future","Bloomfield,Bishop",2010.0,paper,crossref,p0,,,https://search.crossref.org/?q=Safety+and+Assurance+Cases%3A+Past%2C+Present+and+Possible+Future,Crossref search; PDF not asserted,original,
shielding-2018,10,Safe Reinforcement Learning via Shielding,Alshiekh,2018.0,paper,crossref,p0,,https://arxiv.org/pdf/1708.08611,https://arxiv.org/abs/1708.08611,direct PDF (arXiv ID mapped),original,arXiv ID:1708.08611
assurance-2-0-2020,10,Assurance 2.0: A Manifesto,"Bloomfield,Rushby",2020.0,paper,arxiv,p0,,https://arxiv.org/pdf/2004.10474,https://arxiv.org/abs/2004.10474,direct PDF (arXiv ID mapped),original,arXiv ID:2004.10474
ai-control-2023,10,AI Control: Improving Safety Despite Intentional Subversion,Greenblatt,2023.0,paper,arxiv,p0,,https://arxiv.org/pdf/2312.06942,https://arxiv.org/abs/2312.06942,direct PDF (arXiv ID mapped),original,arXiv ID:2312.06942
llama-guard-2023,10,Llama Guard: LLM-based Input-Output Safeguard for Human-AI Conversations,Inan,2023.0,paper,arxiv,,,https://arxiv.org/pdf/2312.06674,https://arxiv.org/abs/2312.06674,direct PDF (arXiv ID mapped),original,arXiv ID:2312.06674
nemo-guardrails-2023,10,NeMo Guardrails: A Toolkit for Controllable and Safe LLM Applications with Programmable Rails,Rebedea,2023.0,paper,arxiv,,,https://arxiv.org/pdf/2310.10501,https://arxiv.org/abs/2310.10501,direct PDF (arXiv ID mapped),original,arXiv ID:2310.10501
toolemu-2023,10,Identifying the Risks of LM Agents with an LM-Emulated Sandbox (ToolEmu),Ruan,2023.0,paper,arxiv,p0,,https://arxiv.org/pdf/2309.15817,https://arxiv.org/abs/2309.15817,direct PDF (arXiv ID mapped),original,arXiv ID:2309.15817
guardagent-2024,10,GuardAgent: Safeguard LLM Agents by a Guard Agent via Knowledge-Enabled Reasoning,Xiang,2024.0,paper,arxiv,,,https://arxiv.org/pdf/2406.09187,https://arxiv.org/abs/2406.09187,direct PDF (arXiv ID mapped),original,arXiv ID:2406.09187
safety-cases-2024,10,Safety Cases: How to Justify the Safety of Advanced AI Systems,Clymer,2024.0,paper,arxiv,p0,,https://arxiv.org/pdf/2403.10462,https://arxiv.org/abs/2403.10462,direct PDF (arXiv ID mapped),original,arXiv ID:2403.10462
trustagent-2024,10,TrustAgent: Towards Safe and Trustworthy LLM-based Agents through Agent Constitution,Hua et al.,2024.0,paper,arxiv,,new,https://arxiv.org/pdf/2402.01586,https://arxiv.org/abs/2402.01586,direct PDF (arXiv ID mapped),added,arXiv ID:2402.01586 Constitution-based pre/in/post-planning safety strategies.
control-safety-case-2025,10,A Sketch of an AI Control Safety Case,Korbak,2025.0,paper,arxiv,,,https://arxiv.org/pdf/2501.17315,https://arxiv.org/abs/2501.17315,direct PDF (arXiv ID mapped),original,arXiv ID:2501.17315
cot-monitorability-2025,10,Chain of Thought Monitorability: A New and Fragile Opportunity for AI Safety,Korbak et al.,2025.0,paper,arxiv,p0,new,https://arxiv.org/pdf/2507.11473,https://arxiv.org/abs/2507.11473,direct PDF (arXiv ID mapped),added,arXiv ID:2507.11473 Cross-lab position paper on preserving CoT monitorability as an oversight channel.
llamafirewall-2025,10,LlamaFirewall: An Open Source Guardrail System for Building Secure AI Agents,Chennabasappa et al.,2025.0,paper,arxiv,,new,https://arxiv.org/pdf/2505.03574,https://arxiv.org/abs/2505.03574,direct PDF (arXiv ID mapped),added,"arXiv ID:2505.03574 Meta; PromptGuard 2, AlignmentCheck, CodeShield layered agent guardrails."
mi9-2025,10,MI9: An Integrated Runtime Governance Framework for Agentic AI,Wang,2025.0,paper,arxiv,p0,,https://arxiv.org/pdf/2508.03858,https://arxiv.org/abs/2508.03858,direct PDF (arXiv ID mapped),original,arXiv ID:2508.03858
monitor-misbehavior-2025,10,Monitoring Reasoning Models for Misbehavior and the Risks of Promoting Obfuscation,Baker et al.,2025.0,paper,arxiv,p0,new,https://arxiv.org/pdf/2503.11926,https://arxiv.org/abs/2503.11926,direct PDF (arXiv ID mapped),added,arXiv ID:2503.11926 OpenAI; optimizing against CoT monitors teaches obfuscation - key caveat for monitor-based assurance.
pro2guard-2025,10,Pro2Guard: Proactive Runtime Enforcement of LLM Agent Safety via Probabilistic Model Checking,Wang et al.,2025.0,paper,arxiv,,new,https://arxiv.org/pdf/2508.00500,https://arxiv.org/abs/2508.00500,direct PDF (arXiv ID mapped),added,arXiv ID:2508.00500 Runtime monitoring with probabilistic model checking.
progent-2025,10,Progent: Programmable Privilege Control for LLM Agents,Shi,2025.0,paper,arxiv,p0,,https://arxiv.org/pdf/2504.11703,https://arxiv.org/abs/2504.11703,direct PDF (arXiv ID mapped),original,arXiv ID:2504.11703
weak-to-strong-monitor-2025,10,Reliable Weak-to-Strong Monitoring of LLM Agents,Kale et al.,2025.0,paper,arxiv,,new,https://arxiv.org/pdf/2508.19461,https://arxiv.org/abs/2508.19461,direct PDF (arXiv ID mapped),added,arXiv ID:2508.19461 Monitor robustness when the monitored agent is stronger than the monitor.
agent-behavioral-contracts-2026,10,Agent Behavioral Contracts: Formal Specification and Runtime Governance for LLM Agents,Various,2026.0,paper,arxiv,,new-2026,https://arxiv.org/pdf/2602.22302,https://arxiv.org/abs/2602.22302,direct PDF (arXiv ID mapped),added,arXiv ID:2602.22302 Formal contract layer for agent behavior.
agent-traces-to-trust-2026,10,"From Agent Traces to Trust: A Survey of Evidence, Provenance, and Assurance for LLM Agents",Various,2026.0,paper,arxiv,,new-2026,https://arxiv.org/pdf/2606.04990,https://arxiv.org/abs/2606.04990,direct PDF (arXiv ID mapped),added,"arXiv ID:2606.04990 Connects traces, provenance, runtime evidence, and assurance."
agentguardian-2026,10,Learning Access Control Policies to Govern AI Agent Operations,Various,2026.0,paper,arxiv,,new-2026,https://arxiv.org/pdf/2601.10440,https://arxiv.org/abs/2601.10440,direct PDF (arXiv ID mapped),added,arXiv ID:2601.10440 Context-aware policy enforcement for agent operations.
agentspec-2025,10,AgentSpec: Customizable Runtime Enforcement for Safe and Reliable LLM Agents,"Wang,Poskitt,Sun",2026.0,paper,arxiv,p0,,https://arxiv.org/pdf/2503.18666,https://arxiv.org/abs/2503.18666,direct PDF (arXiv ID mapped),original,"arXiv ID:2503.18666 Preprint 2025; ICSE publication is 2026. Kept ID, normalized catalogue year to 2026."
agenttrust-2026,10,AgentTrust: Runtime Safety Evaluation and Interception for AI Agent Tool Use,Various,2026.0,paper,arxiv,,new-2026,https://arxiv.org/pdf/2605.04785,https://arxiv.org/abs/2605.04785,direct PDF (arXiv ID mapped),added,arXiv ID:2605.04785 Runtime interception layer for tool calls.
runtime-gov-paths-2026,10,Runtime Governance for AI Agents: Policies on Paths,Various,2026.0,paper,arxiv,p0,new-2026,https://arxiv.org/pdf/2603.16586,https://arxiv.org/abs/2603.16586,direct PDF (arXiv ID mapped),added,arXiv ID:2603.16586 Path-based runtime policy enforcement; surveys MI9/AgentSpec/MAESTRO landscape.
ssgm-2026,10,"Governing Evolving Memory in LLM Agents: Risks, Mechanisms, and the Stability and Safety Governed Memory (SSGM) Framework","Lam,Li,Zhang,Zhao",2026.0,paper,arxiv,p0,,https://arxiv.org/pdf/2603.11768,https://arxiv.org/abs/2603.11768,direct PDF (arXiv ID mapped),original,arXiv ID:2603.11768
structured-safety-case-2026,10,A Structured Approach to Safety Case Construction for AI Systems,Various,2026.0,paper,arxiv,,new-2026,https://arxiv.org/pdf/2601.22773,https://arxiv.org/abs/2601.22773,direct PDF (arXiv ID mapped),added,arXiv ID:2601.22773 Recent safety-case construction methodology.
